url,title,date,summary
https://oto.detik.com/mobil/d-7022909/plat-e-daerah-mana-cek-kode-plat-nomor-di-indonesia,Plat E Daerah Mana? Cek Kode Plat Nomor di Indonesia,2023-11-07 08:42:00,"Plat E daerah mana? Plat E adalah kode plat kendaraan yang berasal dari daerah Kuningan, Cirebon, Majalengka, dan Indramayu."
https://www.detik.com/jabar/berita/d-7022441/jabar-hari-ini-bocah-garut-dibunuh-teman-gegara-dendam-saat-main-voli,Jabar Hari Ini: Bocah Garut Dibunuh Teman gegara Dendam Saat Main Voli,2023-11-06 22:01:00,"Beragam peristiwa terjadi hari ini, Senin (6/11/2023) di Jawa Barat. Seperti kasus pembunuhan bocah 13 tahun di Garut."
https://www.detik.com/jabar/berita/d-7021886/pesan-ksad-agus-subiyanto-saat-deklarasi-pemilu-damai-di-ciamis,Pesan KSAD Agus Subiyanto Saat Deklarasi Pemilu Damai di Ciamis,2023-11-06 15:51:00,KSAD Jenderal TNI Agus Subiyanto menghadiri Deklarasi Pemilu Damai 2024 di Ciamis. Ia pun membawa pesan khusus.
https://www.detik.com/jabar/hukum-dan-kriminal/d-7021624/maling-bobol-brankas-smkn-2-tasikmalaya-duit-rp-320-juta-raib,"Maling Bobol Brankas SMKN 2 Tasikmalaya, Duit Rp 320 Juta Raib",2023-11-06 14:14:00,Aksi pencurian terjadi di kampus SMK Negeri 2 Tasikmalaya. Maling menjebol brankas di ruang bendahara dan menggondol duit ratusan juta rupiah.
https://www.detik.com/jabar/berita/d-7020350/dominasi-pesepeda-nasional-di-ajang-lodaya-siliwangi-ride-2023,Dominasi Pesepeda Nasional di Ajang Lodaya-Siliwangi Ride 2023,2023-11-05 23:40:00,Kejuaraan Lodaya-Siliwangi Ride 2023 turut diramaikan ratusan pesepeda nasional. Para pesepeda nasional pun mendominasi juara di ajang itu.
https://www.detik.com/jabar/budaya/d-7018542/denyut-usaha-kelom-geulis-alas-kaki-dari-tasik-yang-jadi-wbtb,"Denyut Usaha Kelom Geulis, Alas Kaki dari Tasik yang Jadi WBTB",2023-11-05 10:00:00,Kelom geulis merupakan salah satu Warisan Budaya Tak Benda asal Kota Tasikmalaya yang telah ditetapkan oleh Kemendikbudristek.
https://www.detik.com/jabar/wisata/d-7018153/ratusan-pesepeda-ramaikan-ajang-lodaya-siliwangi-ride-2023,Ratusan Pesepeda Ramaikan Ajang Lodaya Siliwangi Ride 2023,2023-11-04 02:30:00,Lebih dari 500 pesepeda siap ikut ambil bagian dalam ajang Lodaya Siliwangi Ride 2023 yang akan dihelat Sabtu (4/11/2023).
https://www.detik.com/jabar/bisnis/d-7017181/pemkot-tasikmalaya-klaim-inflasi-oktober-2023-terendah-se-jabar,Pemkot Tasikmalaya Klaim Inflasi Oktober 2023 Terendah se-Jabar,2023-11-03 21:00:00,Pemkot Tasikmalaya mengklaim laju inflasi pada bulan Oktober 2023 menjadi yang terendah di Jawa Barat.
https://www.detik.com/jabar/wisata/d-7015118/kala-sawah-di-tasik-disulap-jadi-kawasan-wisata-tematik,Kala Sawah di Tasik Disulap jadi Kawasan Wisata Tematik,2023-11-03 08:00:00,Kreativitas masyarakat Kampung Situbeet Kota Tasikmalaya berhasil menyulap area persawahan yang semula biasa aja menjadi lebih menarik.
https://www.detik.com/jabar/hukum-dan-kriminal/d-7012249/rekonstruksi-ungkap-sadisnya-pria-hidung-belang-bunuh-psk-di-tasik,Rekonstruksi Ungkap Sadisnya Pria Hidung Belang Bunuh PSK di Tasik,2023-10-31 17:42:00,"Polisi melakukan rekonstruksi kasus pembunuhan SAR (16) gadis penjaja seks online. Dalam reka adegan itu, terlihat aksi sadis pelaku membunuh SAR."
https://www.detik.com/jabar/hukum-dan-kriminal/d-7011480/empat-bersaudara-pencuri-kabel-fiber-optik-dicokok-polisi-di-tasik,Empat Bersaudara Pencuri Kabel Fiber Optik Dicokok Polisi di Tasik,2023-10-31 15:30:00,Aksi kriminal empat bersaudara spesialis pencuri kabel fiber optik berhasil diringkus polisi.
https://www.detik.com/jabar/berita/d-7011595/kocar-kacir-digerebek-penjudi-sabung-ayam-di-tasik-nyemplung-ke-kolam,Kocar-kacir Digerebek Penjudi Sabung Ayam di Tasik Nyemplung ke Kolam,2023-10-31 14:00:00,Sejumlah pelaku judi sabung ayam di Kecamatan Purbaratu Kota Tasikmalaya kocar-kacir saat digerebek polisi hingga nyemplung ke kolam ikan.
https://www.detik.com/jabar/bisnis/d-7008905/stok-menipis-harga-cabai-di-pasar-cikurubuk-tasik-naik,"Stok Menipis, Harga Cabai di Pasar Cikurubuk Tasik Naik",2023-10-31 02:30:00,Harga berbagai jenis cabai di Tasikmalaya mengalami kenaikan. Bahkan kenaikannya bisa mencapai angka 100 persen dari harga semula.
https://www.detik.com/jabar/berita/d-7010362/jabar-hari-ini-miras-oplosan-tewaskan-warga-hingga-pria-tewas-dengan-luka-tusuk,Jabar Hari Ini: Miras Oplosan Tewaskan Warga hingga Pria Tewas dengan Luka Tusuk,2023-10-30 22:00:00,Beragam peristiwa terjadi di Jabar Senin (30/10/2023). Dari belasan warga tewas usai tenggak miras oplosan di Subang hingga pria di Baleendah tewas di tusuk.
https://www.detik.com/jabar/hukum-dan-kriminal/d-7009474/pria-tua-yang-culik-dan-tinggalkan-anak-kecil-di-hutan-tasik-ditangkap,Pria Tua yang Culik dan Tinggalkan Anak Kecil di Hutan Tasik Ditangkap,2023-10-30 13:06:00,"Pria tua yang diduga membawa kabur Cici (11), bocah kelas 5 SD asal Ciamis dan ditinggalkan di hutan Tasikmalaya ditangkap jajaran Satreskrim Polres Ciamis."
https://www.detik.com/jabar/berita/d-7007039/supriatna-tewas-di-dasar-sumur-yang-digalinya,Supriatna Tewas di Dasar Sumur yang Digalinya,2023-10-28 17:57:00,"Supriatna (64), seorang penggali sumur meninggal saat melakukan pekerjaannya di Kampung Mulyamekar, Kabupaten Tasikmalaya, Sabtu (28/10/2023)."
https://www.detik.com/jabar/hukum-dan-kriminal/d-7006996/bawa-kabur-perhiasan-warga-komplotan-maling-babak-belur-dimassa,"Bawa Kabur Perhiasan Warga, Komplotan Maling Babak Belur Dimassa",2023-10-28 17:38:00,"Komplotan maling babak belur dihakimi massa usai kepergok hendak mencuri perhiasan salah satu warga di Kampung Ciomas, Tasikmalaya."
https://www.detik.com/jabar/kuliner/d-7006534/icip-icip-lezatnya-cocorot-jajanan-pasar-penambah-tenaga,"Icip-icip Lezatnya Cocorot, Jajanan Pasar Penambah Tenaga",2023-10-28 15:30:00,Salah satu jenis kuliner yang tak lekang dimakan zaman dan memiliki daya tarik adalah jajanan pasar seperti cocorot. Jajanan ini cukup unik karena bentuknya.
https://www.detik.com/bali/nusra/d-7006183/ahmad-dhani-sesumbar-sebut-suara-prabowo-90-persen-di-ntb,Ahmad Dhani Sesumbar Sebut Suara Prabowo 90 Persen di NTB,2023-10-28 07:30:00,"Pentolan band Dewa 19, Ahmad Dhani, sesumbar dengan menyebut suara Prabowo Subianto di Provinsi NTB unggul 90 persen pada Pemilihan Presiden (Pilpres) 2024."
https://www.detik.com/jabar/hukum-dan-kriminal/d-7004894/amang-dan-diki-terekam-cctv-curi-3-domba-kini-berakhir-di-bui,"Amang dan Diki Terekam CCTV Curi 3 Domba, Kini Berakhir di Bui",2023-10-28 00:30:00,Komplotan pencuri ternak di Tasikmalaya berulah. Mereka mencuri 3 domba milik warga lalu dimasukkan ke dalam mobil.
https://www.detik.com/jabar/berita/d-7005646/jabar-hari-ini-guru-cabul-divonis-bebas-hingga-mencari-enuh-yang-viral,Jabar Hari Ini: Guru Cabul Divonis Bebas hingga Mencari Enuh yang Viral,2023-10-27 22:00:00,Beragam peristiwa terjadi di Jabar hari ini. Mulai dari cerita Enuh jebolan ITB yang viral hingga pelaku pencabulan di Sukabumi divonis bebas.
https://www.detik.com/jabar/berita/d-7005729/ahmad-dhani-diduga-kampanyekan-istri-saat-konser-ini-kata-bawaslu-jabar,"Ahmad Dhani Diduga Kampanyekan Istri Saat Konser, Ini Kata Bawaslu Jabar",2023-10-27 18:49:00,Bawaslu Jawa Barat buka suara terkait konser Ahmad Dhani bersama Dewa 19 di Tasikmalaya yang berekses politik.
https://www.detik.com/jabar/berita/d-7005287/dishub-larang-kendaraan-parkir-di-sepanjang-alun-alun-ciamis,Dishub Larang Kendaraan Parkir di Sepanjang Alun-alun Ciamis,2023-10-27 17:30:00,"Dishub Ciamis memasang papan larangan parkir di sepanjang lokasi Alun-alun Ciamis. Pasalnya, deretan kendaraan parkir kerap membuat lalu lintas tersendat."
https://news.detik.com/berita/d-7005315/kaops-ncs-polri-ajak-para-tokoh-di-tasik-tolak-perpecahan-di-pemilu-2024,Kaops NCS Polri Ajak Para Tokoh di Tasik Tolak Perpecahan di Pemilu 2024,2023-10-27 16:19:00,"Kepala Operasi (Kaops) NCS Polri, Irjen Asep Edi Suheri, mengajak seluruh lapisan masyarakat agar tidak terpancing atas isu-isu SARA di Pemilu 2024"
https://news.detik.com/berita/d-7005280/wujudkan-pemilu-damai-kaops-ncs-polri-bagikan-1-500-paket-sembako-di-tasik,"Wujudkan Pemilu Damai, Kaops NCS Polri Bagikan 1.500 Paket Sembako di Tasik",2023-10-27 16:08:00,"Operasi Nusantara Cooling System (NCS) Polri membagikan 1.500 paket sembako kepada masyarakat Tasikmalaya, Jawa Barat."
https://www.detik.com/jabar/budaya/d-7004390/daftar-118-warisan-budaya-tak-benda-di-jabar,Daftar 118 Warisan Budaya Tak Benda di Jabar,2023-10-27 13:30:00,"Menurut data Dinas Pariwisata dan Kebudayaan (Disparbud) Jabar, 118 warisan budaya tak benda telah didapat dalam periode 2013-2023."
https://www.detik.com/jabar/berita/d-7003813/seribu-penghafal-al-quran-sejukan-balai-kota-tasikmalaya,Seribu Penghafal Al-Qur'an 'Sejukan' Balai Kota Tasikmalaya,2023-10-26 18:32:00,"Sekitar 1.000 penghafal Alquran melakukan tadarus bersama di halaman Balai Kota Jalan Letnan Harun Kota Tasikmalaya, Kamis (26/10/2023) sore."
https://health.detik.com/berita-detikhealth/d-7002598/resmikan-11-upt-baru-bpom-ri-perketat-pengawasan-obat-dan-pangan-olahan-umkm,"Resmikan 11 UPT Baru, BPOM RI Perketat Pengawasan Obat dan Pangan Olahan UMKM",2023-10-26 11:14:00,Badan Pengawas Obat dan Makanan RI (BPOM) baru saja menambah 11 unit pelaksana teknis (UPT) untuk memperketat pengawasan obat dan pangan olahan.
https://travel.detik.com/travel-news/d-7001766/penerbangan-tasikmalaya-jakarta-disetop-karena-minim-penumpang,Penerbangan Tasikmalaya-Jakarta Disetop karena Minim Penumpang,2023-10-25 18:31:00,Penerbangan Tasikmalaya-Jakarta telah dihentikan meski baru sebulan beroperasi. Salah satu penyebabnya adalah minimnya peminat.
https://www.detik.com/jabar/berita/d-7001279/menanti-realisasi-pemekaran-wilayah-di-jawa-barat,Menanti Realisasi Pemekaran Wilayah di Jawa Barat,2023-10-25 17:45:00,Pemekaran wilayah di Jawa Barat masih menjadi hal yang terus diperjuangkan. Setidaknya ada sembilan calon daerah persiapan otonom baru yang telah diusulkan.
https://www.detik.com/jabar/berita/d-7000930/reaksi-pj-walkot-tasik-soal-asn-terlibat-korupsi-proyek-jalan-sule,Reaksi Pj Walkot Tasik soal ASN Terlibat Korupsi Proyek Jalan Sule,2023-10-25 17:00:00,ASN Kota Tasikmalaya terjerat kasus korupsi. Penjabat Wali Kota Tasikmalaya Cheka Virgowansyah buka suara. Apa katanya?
https://www.detik.com/hikmah/khazanah/d-7001482/pemenang-lomba-lomba-hari-santri-2023-sudah-keluar-ini-daftarnya,"Pemenang Lomba-Lomba Hari Santri 2023 Sudah Keluar, Ini Daftarnya",2023-10-25 17:00:00,Panitia telah mengumumkan para pemenang lomba Hari Santri 2023. Berikut daftar lengkapnya.
https://www.detik.com/jabar/bisnis/d-7001176/biang-kerok-penerbangan-tasikmalaya-jakarta-berhenti-beroperasi,Biang Kerok Penerbangan Tasikmalaya-Jakarta Berhenti Beroperasi,2023-10-25 15:30:00,"Operasional layanan penerbangan Tasikmalaya-Jakarta telah dihentikan, padahal belum genap sebulan beroperasi."
https://travel.detik.com/travel-news/d-7001028/suara-suara-sumbang-soal-pemindahan-penerbangan-ke-bandara-kertajati,Suara-suara Sumbang Soal Pemindahan Penerbangan ke Bandara Kertajati,2023-10-25 15:05:00,Suara-suara keluhan penumpang masih terdengar sepekan jelang peralihan penerbangan komersial pesawat dari Bandara Husein Sastranegara ke Bandara Kertajati.
https://www.detik.com/jabar/hukum-dan-kriminal/d-7000115/5-tersangka-korupsi-proyek-jalan-sule-setianegara-tasik-ditahan,5 Tersangka Korupsi Proyek Jalan Sule Setianegara Tasik Ditahan,2023-10-24 21:19:00,"Kejaksaan Negeri Kota Tasikmalaya menahan 5 orang tersangka kasus korupsi proyek pemeliharaan Jalan Sule Setianegara, Kecamatan Cibeureum, Kota Tasikmalaya."
https://sport.detik.com/sport-lain/d-6999510/seri-pamungkas-balapan-supermoto-digelar-di-kemayoran-akhir-pekan-ini,Seri Pamungkas Balapan Supermoto Digelar di Kemayoran Akhir Pekan Ini,2023-10-24 16:55:00,SuperAdventure Supermoto Race Seri Kejurnas 2023 memasuki babak pamungkas pada akhir pekan ini. Balapan akan dihadiri pebalap supermoto kelas dunia!
https://www.detik.com/jabar/hukum-dan-kriminal/d-6998919/tolak-cerai-pria-di-tasik-tega-aniaya-istri-hingga-mertua,"Tolak Cerai, Pria di Tasik Tega Aniaya Istri hingga Mertua",2023-10-24 12:11:00,"Pria asal Kabupaten Tasikmalaya tega menganiaya istri, mertua hingga adik iparnya. Sakit hati menjadi motif aksi sadis pria berinisial RPS (30) itu."
https://www.detik.com/jabar/bisnis/d-6998178/ragam-suara-penumpang-pesawat-soal-rencana-hijrah-ke-bijb,Ragam Suara Penumpang Pesawat soal Rencana 'Hijrah' ke BIJB,2023-10-24 07:15:00,"Para penumpang pesawat buka suara soal rencana penerbangan yang akan 'hijrah' dari Bandara Husein Sastranegara ke BIJB di Kertajati, Majalengka."
https://www.detik.com/jabar/berita/d-6998203/bawaslu-tasik-sesalkan-ahmad-dhani-diduga-kampanyekan-istri-saat-konser,Bawaslu Tasik Sesalkan Ahmad Dhani Diduga Kampanyekan Istri Saat Konser,2023-10-23 19:31:00,Konser Dewa 19 yang digelar di Kota Tasikmalaya berekses politik. Hal itu menyusul ucapan Ahmad Dhani yang dianggap mengkampanyekan istrinya Mulan Jameela
https://www.detik.com/jabar/berita/d-6997807/seriusi-pemekaran-ini-monumen-titik-nol-cianjur-selatan,"Seriusi Pemekaran, Ini Monumen Titik Nol Cianjur Selatan",2023-10-23 17:45:00,"Peresmian titik nol Cianjur Selatan layaknya peresmian titik nol Ibu Kota Negara (IKN), tanah dan air dari 32 kecamatan di Cianjur digabungkan di Sindangbarang."
https://www.detik.com/jabar/berita/d-6997049/suara-penumpang-di-masa-peralihan-penerbangan-dari-husein-ke-kertajati,Suara Penumpang di Masa Peralihan Penerbangan dari Husein ke Kertajati,2023-10-23 15:30:00,"Para pengguna transportasi udara yang biasa terbang dari Bandara Husein, banyak yang bertanya-tanya terkait rencana peralihan penerbangan ke BIJB Kertajati."
https://www.detik.com/jabar/bisnis/d-6997441/wadah-baru-demi-bawa-umkm-di-bandung-naik-kelas,Wadah Baru demi Bawa UMKM di Bandung Naik Kelas,2023-10-23 14:55:00,Pelaku UMKM di Bandung bisa bernafas lega. Pasalnya kini terdapat satu wadah yang bisa membuat para pengusaha naik kelas dan mengembangkan usahanya.
https://www.detik.com/jabar/berita/d-6995384/keren-kampung-leuwihieum-tasikmalaya-punya-irigasi-bersih,"Keren, Kampung Leuwihieum Tasikmalaya Punya Irigasi Bersih",2023-10-23 06:30:00,"Semangat gotong royong dan kreativitas berhasil membuat wajah Kampung Leuwihieum, Kelurahan Sukarindik, Kecamatan Bungursari, Kota Tasikmalaya, berubah."
https://www.detik.com/jabar/berita/d-6996220/jejak-pesantren-dan-tokohnya-yang-terabadikan-di-cimahi,Jejak Pesantren dan Tokohnya yang Terabadikan di Cimahi,2023-10-22 21:15:00,Cimahi bukan dikenal sebagai Kota Santri. Namun di sini ada jejak pesantren dan tokohnya yang terabadikan.
https://www.detik.com/jabar/budaya/d-6996190/kiprah-ajengan-dan-santri-saat-perang-kemerdekaan-di-cimahi,Kiprah Ajengan dan Santri Saat Perang Kemerdekaan di Cimahi,2023-10-22 20:45:00,Ulama dan santri memegang peranan penting dalam sejarah panjang kemerdekaan Indonesia. Termasuk di wilayah Kota Cimahi.
https://www.detik.com/jabar/berita/d-6995769/puncak-perayaan-hari-santri-nasional-2023-di-jawa-barat,Puncak Perayaan Hari Santri Nasional 2023 di Jawa Barat,2023-10-22 13:16:00,"Ribuan santri dan tokoh agama dari berbagai daerah di Jawa Barat memeriahkan peringatan Hari Santri Nasional di Stadion Dadaha Kota Tasikmalaya, Minggu (22/10)."
https://www.detik.com/jabar/berita/d-6995369/kala-dewa-19-tipe-x-hingga-rossa-menggebrak-tasikmalaya,"Kala Dewa 19, Tipe-X, hingga Rossa Menggebrak Tasikmalaya",2023-10-22 07:55:00,"Para pencinta musik di Tasikmalaya diobati kerinduannya menyaksikan konser yang menghadirkan Dewa 19, Tipe X, hingga Rossa."
https://www.detik.com/jabar/berita/d-6995363/jabar-pilihan-pembunuhan-ibu-dan-anak-terkuak-hingga-suhu-terpanas-bandung,Jabar Pilihan: Pembunuhan Ibu dan Anak Terkuak hingga Suhu Terpanas Bandung,2023-10-22 07:48:00,Program Jabar Pilihan merupakan kompilasi berita terhangat yang terjadi di Jawa Barat yang disajikan dalam bentuk video. Simak Jabar Pilihan kali ini.
https://www.detik.com/jabar/budaya/d-6994699/melihat-keseruan-helaran-budaya-di-kota-tasikmalaya,Melihat Keseruan Helaran Budaya di Kota Tasikmalaya,2023-10-21 15:56:00,Ribuan masyarakat Kota Tasikmalaya larut dalam kemeriahan acara Helaran Budaya yang digelar di pusat kota.
https://www.detik.com/jabar/berita/d-6992892/6-agenda-seru-di-tasikmalaya-akhir-pekan-ini-21-22-oktober-2023,"6 Agenda Seru di Tasikmalaya Akhir Pekan Ini, 21-22 Oktober 2023",2023-10-21 06:00:00,Akhir pekan ini menjadi momentum spesial bagi masyarakat Kota Tasikmalaya. Terdapat 6 agenda yang dirangkum detikJabar.
https://travel.detik.com/travel-news/d-6993049/tak-ada-sebulan-penerbangan-tasikmalaya-jakarta-berhenti-beroperasi,"Tak Ada Sebulan, Penerbangan Tasikmalaya-Jakarta Berhenti Beroperasi",2023-10-20 16:05:00,"Belum ada satu bulan pasca pembukaan rute penerbangan baru Tasikmalaya-Jakarta, tapi rute tersebut sempat berhenti beroperasi."
https://www.detik.com/jabar/berita/d-6991990/gempa-garut-terasa-di-tasik-pangandaran-warga-berhamburan-keluar-rumah,"Gempa Garut Terasa di Tasik-Pangandaran, Warga Berhamburan Keluar Rumah",2023-10-19 21:52:00,"Gempa M 5,6 yang berpusat di Garut terasa hingga ke Pangandaran, Tasik, dan Sumedang. Warga berhamburan keluar rumah karena panik."
https://finance.detik.com/infrastruktur/d-6990547/pj-gubernur-jabar-minta-persib-terbang-via-bandara-kertajati,Pj Gubernur Jabar Minta Persib Terbang via Bandara Kertajati,2023-10-19 11:28:00,Pj Gubernur Jawa Barat Bey Triadi Machmudin meminta tim sepak bola Persib Bandung untuk menggunakan Bandara Kertajati untuk transportasi ke luar kota.
https://finance.detik.com/infrastruktur/d-6989988/mengintip-kesiapan-bandara-kertajati-yang-mau-beroperasi-29-oktober-2023,Mengintip kesiapan Bandara Kertajati yang Mau Beroperasi 29 Oktober 2023,2023-10-19 08:00:00,Bandara Internasional Jawa Barat (BIJB) atau Bandara Kertajati ditargetkan akan beroperasi penuh per 29 Oktober ini.
https://www.detik.com/jabar/budaya/d-6989049/kolaborasi-perajin-bordir-tasikmalaya-dan-qatar-untuk-tasik-mendunia,Kolaborasi Perajin Bordir Tasikmalaya dan Qatar untuk Tasik Mendunia,2023-10-18 18:15:00,Kerajinan bordir Tasikmalaya terpilih menjadi salah satu potensi kebudayaan dalam proyek pertukaran kebudayaan antara Indonesia dan Qatar.
https://www.detik.com/jabar/berita/d-6988264/belum-sebulan-penerbangan-tasikmalaya-jakarta-sempat-terhenti,"Belum Sebulan, Penerbangan Tasikmalaya-Jakarta Sempat Terhenti",2023-10-18 16:00:00,"Belum genap satu bulan pembukaan jalur penerbangan Tasikmalaya - Jakarta, masalah sepinya penumpang mulai mengadang. Bahkan penerbangan berhenti beroperasi."
https://finance.detik.com/infrastruktur/d-6988388/menjajal-feeder-damri-bandara-kertajati-bandung-majalengka-72-menit,"Menjajal Feeder Damri Bandara Kertajati, Bandung-Majalengka 72 Menit!",2023-10-18 11:12:00,Bandara International Jawa Barat (BIJB) Kertajati akan dioperasikan secara penuh per 29 Oktober 2023 ini.
https://www.detik.com/jabar/berita/d-6987586/polisi-di-tasik-dilarang-unggah-foto-pose-jari-tertentu-jelang-pemilu,Polisi di Tasik Dilarang Unggah Foto Pose Jari Tertentu Jelang Pemilu,2023-10-17 23:45:00,"Menjelang Pileg dan Pilpres, polisi dan tentara dilarang memposting foto diri dengan pose tangan yang menjadi simbol dukungan. Hal ini demi menjaga netralitas."
https://www.detik.com/jabar/berita/d-6987438/jabar-hari-ini-tuntutan-mati-pasutri-bandar-sabu-6-kg,Jabar Hari Ini: Tuntutan Mati Pasutri Bandar Sabu 6 Kg,2023-10-17 22:00:00,Sejumlah peristiwa mewarnai pemberitaan di Jawa Barat hari ini.  Mulai dari tuntutan mati pasutri bandar sabu 6 kg hingga balita tersayat benang layangan.
https://www.detik.com/jabar/berita/d-6986858/angka-kemiskinan-disorot-di-hut-kota-tasikmalaya-ke-22,Angka Kemiskinan Disorot di HUT Kota Tasikmalaya ke-22,2023-10-17 21:00:00,Peringatan HUT Kota Tasikmalaya ke 22 diwarnai oleh aksi demonstrasi elemen mahasiswa. Mereka menyoroti beberapa hal termasuk soal kemiskinan.
https://www.detik.com/jabar/berita/d-6987055/optimisme-gerindra-prabowo-menang-di-tasikmalaya,Optimisme Gerindra Prabowo Menang di Tasikmalaya,2023-10-17 20:30:00,"Dua Bacapres Ganjar Pranowo dan Anies Baswedan telah melakukan kunjungan ke Tasikmalaya. Namun, Gerindra tetap yakin Prabowo akan unggul."
https://www.detik.com/jabar/berita/d-6984679/rumpun-tiang-di-simpang-lima-tasik-buat-pejalan-kaki-tak-nyaman,Rumpun Tiang di Simpang Lima Tasik buat Pejalan Kaki Tak Nyaman,2023-10-17 03:00:00,Sejumlah warga Kota Tasikmalaya menyoroti keberadaan kumpulan tiang-tiang besi yang membentuk rumpun di beberapa titik.
https://www.detik.com/jabar/berita/d-6985458/jabar-hari-ini-pria-bandung-kehilangan-mata-kirinya-usai-ditembak-teman,Jabar Hari Ini: Pria Bandung Kehilangan Mata Kirinya Usai Ditembak Teman,2023-10-16 22:00:00,Beragam peristiwa terjadi di Jabar. Dari pria Bandung kehilangan mata kiri usai ditembak airgun temannya hingga geng motor di balik kematian aktivis garut.
https://www.detik.com/jabar/berita/d-6984427/dikira-tidur-dede-ternyata-tewas-di-dalam-bus-tasikmalaya,"Dikira Tidur, Dede Ternyata Tewas di Dalam Bus Tasikmalaya",2023-10-16 13:00:00,Seorang penumpang bus ditemukan meninggal dunia. Korban bernama Dede Ishadudin (40) itu meninggal dalam keadaan duduk di jok bagian tengah bus.
https://www.detik.com/jabar/hukum-dan-kriminal/d-6982258/kejamnya-ipan-jambret-kalung-ponsel-abg-ciamis-bermodus-kenal-ortu,Kejamnya Ipan Jambret Kalung-Ponsel ABG Ciamis Bermodus Kenal Ortu,2023-10-15 01:00:00,Ipan Priatna (27) harus merasakan dinginnya jeruji besi. Dia ditangkap polisi usai menjambret perhiasan kalung dan ponsel milik ABG 15 tahun di Ciamis.
https://www.detik.com/jabar/berita/d-6982156/soroti-empat-kasus-keracunan-massal-dinkes-jabar-perketat-pengawasan,"Soroti Empat Kasus Keracunan Massal, Dinkes Jabar Perketat Pengawasan",2023-10-14 21:00:00,Dinkes Jabar juga bakal melakukan rapat kordinasi khusus untuk membahas keracunan massal.
https://www.detik.com/jatim/bisnis/d-6981393/berkah-pengajian-gus-iqdam-omzet-jasa-sewa-motor-di-blitar-naik,"Berkah Pengajian Gus Iqdam, Omzet Jasa Sewa Motor di Blitar Naik",2023-10-13 20:31:00,Pengajian Gus Iqdam membawa berkah. Omzet jasa sewa motor di Blitar naik usai banyak jemaah Gus Iqdam dari luar yang kota menyewa motor.
https://www.detik.com/jabar/berita/d-6980981/ribuan-warga-tasikmalaya-galang-dana-dan-long-march-untuk-palestina,Ribuan Warga Tasikmalaya Galang Dana dan Long March untuk Palestina,2023-10-13 17:12:00,"Massa dari berbagai ormas Islam dan pesantren di Tasikmalaya, menggelar aksi damai sebagai bentuk solidaritas untuk Palestina."
https://www.detik.com/jabar/berita/d-6979913/pos-polisi-kumuh-di-simpang-empat-gunung-sabeulah-tasik-dibongkar,Pos Polisi Kumuh di Simpang Empat Gunung Sabeulah Tasik Dibongkar,2023-10-13 09:36:00,Satuan Polisi Lalu Lintas Polres Tasikmalaya Kota akhirnya membongkar pos polisi kumuh di Simpang Empat Jalan Gunung Sabeulah Kota Tasikmalaya.
https://www.detik.com/jabar/jabar-gaskeun/d-6978361/keren-karya-disabilitas-cemara-paper-bandung-tembus-pasar-mancanegara,Keren! Karya Disabilitas Cemara Paper Bandung Tembus Pasar Mancanegara,2023-10-13 08:00:00,Komunitas diasbilitas Cemara Paper Kota Bandung mampu mengubah limbah kertas jadi barang berharga. Karya Cemara Paper tembus pasar dunia.
https://www.detik.com/jabar/bisnis/d-6978381/jalan-berliku-perajin-mendong-tasikmalaya-hingga-tembus-pasar-ekspor,Jalan Berliku Perajin Mendong Tasikmalaya hingga Tembus Pasar Ekspor,2023-10-13 05:30:00,"Produk kerajinan anyaman mendong Tasikmalaya kini mampu menembus pasar ekspor. Produk yang dihasilkan seperti dari kotak tisu, dekorasi dinding, dan lainnya."
https://www.detik.com/jabar/berita/d-6979227/jabar-hari-ini-korban-keracunan-sate-jebred-bertambah-pelajar-tewas-terlindas-truk,Jabar Hari Ini: Korban Keracunan Sate Jebred Bertambah-Pelajar Tewas Terlindas Truk,2023-10-12 22:01:00,"Beragam peristiwa terjadi di Jabar hari ini, Kamis (12/10/2023). Mulai dari korban keracunan Sate Jebred bertambah hingga pelajar tewas terlindas truk."
https://www.detik.com/jabar/berita/d-6978629/pos-polisi-kumuh-di-simpang-empat-gunung-sabeulah-tasik-tuai-sorotan,Pos Polisi Kumuh di Simpang Empat Gunung Sabeulah Tasik Tuai Sorotan,2023-10-12 16:45:00,"Keberadaan pos polisi di Simpang Empat Jalan Gunung Sabeulah, Kota Tasikmalaya jadi sorotan publik."
https://www.detik.com/jabar/berita/d-6977086/bapenda-jabar-bantu-masyarakat-yang-kesulitan-air-bersih,Bapenda Jabar Bantu Masyarakat yang Kesulitan Air Bersih,2023-10-11 22:45:00,Kepala Bapenda Jabar Dedi Taufik bahkan menginstruksikan semua jajarannya di 34 samsat se-Jabar turun langsung membantu masyarakat yang kekurangan air bersih.
https://www.detik.com/jabar/budaya/d-6976875/langkanya-pagelaran-wayang-golek-di-kota-bandung,Langkanya Pagelaran Wayang Golek di Kota Bandung,2023-10-11 20:30:00,Seniman Edih Taryana (60) menilai sulitnya pagelaran wayang golek di Bandung karena minimnya lahan terbuka yang dapat digunakan untuk pagelaran wayang.
https://news.detik.com/pemilu/d-6976300/organisasi-sayap-pdip-isu-foto-ganjar-ara-clear-semua-fokus-pemenangan,"Organisasi Sayap PDIP: Isu Foto Ganjar-Ara Clear, Semua Fokus Pemenangan",2023-10-11 12:00:00,Ketua DPD TMP DKI Brando Susanto menanggapi isu hilangnya foto bacapres PDIP Ganjar bersama politikus PDIP Ara saat sama-sama hadir acara relawan di Cirebon.
https://news.detik.com/pemilu/d-6975968/ganjar-dapat-nasihat-dan-cendera-mata-saat-temui-relawan-di-tasikmalaya,Ganjar Dapat Nasihat dan Cendera Mata Saat Temui Relawan di Tasikmalaya,2023-10-11 08:48:00,"Ganjar Pranowo melakukan silaturahmi ke relawannya se-Tasikmalaya, Jawa Barat, Selasa (10/10)."
https://www.detik.com/jabar/berita/d-6974797/strategi-pemkot-tasikmalaya-tekan-inflasi,Strategi Pemkot Tasikmalaya Tekan Inflasi,2023-10-10 22:30:00,Pj Wali Kota Tasikmalaya Cheka Virgowansyah mengatakan laju inflasi di Kota Tasikmalaya relatif terjaga.
https://www.detik.com/jabar/berita/d-6975503/jabar-hari-ini-tragedi-kematian-yuyu-usai-tolak-ajakan-nikah-hendra,Jabar Hari Ini: Tragedi Kematian Yuyu Usai Tolak Ajakan Nikah Hendra,2023-10-10 22:00:00,"Sejumlah peristiwa mewarnai pemberitaan di Jabar hari ini, Selasa (10/10). Mulai dari kasus kematian Ai Yuyu Komalasari hingga insiden keracunan sate jebred."
https://www.detik.com/jabar/berita/d-6974862/keluarga-korban-tewas-keracunan-sate-jebred-tolak-autopsi,Keluarga Korban Tewas Keracunan Sate Jebred Tolak Autopsi,2023-10-10 19:00:00,"Jasad Mimin (61) warga Kampung Cempaka Desa Kersamaju, Kabupaten Tasikmalaya, Jawa Barat akhirnya dimakamkan keluarga pada Selasa Siang (10/10/2023)"
https://travel.detik.com/travel-news/d-6974895/fakta-fakta-unik-tasikmalaya-yang-tak-punya-lampu-merah,Fakta-fakta Unik Tasikmalaya yang Tak Punya Lampu Merah,2023-10-10 16:05:00,"Tahukah kamu, kabupaten Tasikmalaya di Jawa Barat tidak punya lampu merah. Berikut fakta-fakta uniknya:"
https://news.detik.com/pemilu/d-6974203/dua-pekan-jadi-ketum-kaesang-gaet-399-anak-muda-jabar-gabung-psi,"Dua Pekan Jadi Ketum, Kaesang Gaet 399 Anak Muda Jabar Gabung PSI",2023-10-10 10:20:00,Kaesang Pangarep menyebut sudah ada 399 anak muda di Jawa Barat gabung Partai Solidaritas Indonesia (PSI) sejak dirinya jadi ketum.
https://news.detik.com/pemilu/d-6973839/jawaban-kaesang-sebagai-ketum-psi-dan-pribadi-jika-gibran-jadi-cawapres,Jawaban Kaesang sebagai Ketum PSI dan Pribadi Jika Gibran Jadi Cawapres,2023-10-09 22:05:00,"Kaesang Pangarep sempat ditanya anak muda Tasikmalaya soal sikapnya jika kakaknya, Gibran Rakabuming, menjadi cawapres. Ini 2 jawaban Kaesang."
https://www.detik.com/jateng/berita/d-6973721/blak-blakan-kaesang-bilang-akan-dukung-andai-gibran-maju-cawapres,Blak-blakan Kaesang Bilang Akan Dukung Andai Gibran Maju Cawapres,2023-10-09 20:10:00,Ketua PSI Kaesang Pangarep memberikan jawaban saat ditanya oleh salah satu pemuda di sebuah acara di tasikmalaya.
https://www.detik.com/jabar/berita/d-6973399/jawaban-kaesang-soal-dukungan-andai-gibran-jadi-cawapres,Jawaban Kaesang Soal Dukungan Andai Gibran Jadi Cawapres,2023-10-09 19:15:00,"Jawaban Ketum PSI Kaesang Pangarep andai sang kakak, Gibran Rakabuming Raka menjadi kandidat cawapres."
https://www.detik.com/jabar/berita/d-6971029/jalan-lingkar-utara-jadi-spot-baru-nikmati-senja-di-tasikmalaya,Jalan Lingkar Utara Jadi Spot Baru Nikmati Senja di Tasikmalaya,2023-10-08 17:00:00,Pembangunan Jalan Lingkar Utara Kota Tasikmalaya memantik tumbuhnya titik keramaian dan simpul ekonomi baru. Tempat ini juga jadi lokasi asyik menanti malam.
https://news.detik.com/pemilu/d-6970755/kaesang-blusukan-ke-braga-bandung-malam-malam-ditemani-erina-gudono,"Kaesang Blusukan ke Braga Bandung Malam-malam, Ditemani Erina Gudono",2023-10-08 00:08:00,Ketum PSI Kaesang Pangarep menyapa warga Bandung di Jalan Braga. Kaesang optimis dapat menggaet suara warga Bandung sebanyak mungkin.
https://www.detik.com/jabar/berita/d-6968800/kadinsos-tasik-ngaku-terima-keluhan-soal-kualitas-beras-bansos,Kadinsos Tasik Ngaku Terima Keluhan soal Kualitas Beras Bansos,2023-10-07 00:05:00,"Kadinsos P2KB dan P3A Kabupaten Tasikmalaya Opan Sopian mengaku, mendapat keluhan dari sejumlah keluarga penerima manfaat soal bansos beras yang diterima."
https://www.detik.com/jabar/berita/d-6968419/polres-karawang-unjuk-kekuatan-di-simulasi-kondisi-darurat-pemilu-2024,Polres Karawang Unjuk Kekuatan di Simulasi Kondisi Darurat Pemilu 2024,2023-10-06 20:30:00,"Ratusan polisi unjuk kekuatan di Lapangan Karangpawitan, Kabupaten Karawang, kegiatan itu merupakan bagian dari simulasi penanganan situasi kontingensi Pemilu."
https://www.detik.com/jabar/berita/d-6966584/ruang-khusus-untuk-luapkan-amarah-di-tasikmalaya,Ruang Khusus untuk Luapkan Amarah di Tasikmalaya,2023-10-06 05:30:00,"Amarah tentunya tak bisa dibendung setiap orang. Menangkap hal itu, mahasiswa di Tasikmalaya membuat tempat khusus untuk meluapkan amarah."
https://www.detik.com/jabar/berita/d-6966963/munculnya-ladang-rumput-di-situ-gede-tasikmalaya,Munculnya Ladang Rumput di Situ Gede Tasikmalaya,2023-10-05 17:15:00,Kemarau telah menyebabkan debit air di danau Situ Gede Kecamatan Mangkubumi Kota Tasikmalaya susut drastis.
https://www.detik.com/jabar/berita/d-6966888/dcomic-nyawa-gadis-penjaja-seks-melayang-di-tangan-hidung-belang,d'Comic: Nyawa Gadis Penjaja Seks Melayang di Tangan Hidung Belang,2023-10-05 16:24:00,SAR (16) gadis muda penjaja seks daring di Tasikmalaya meninggal dunia di dalam kamar kos. Pelakunya pria yang baru saja dikenalnya beberapa menit lalu.
https://travel.detik.com/travel-news/d-6966498/dulur-urang-tasik-ada-pesawat-terbang-lagi-ke-wiriadinata,"Dulur Urang Tasik, Ada Pesawat Terbang Lagi ke Wiriadinata",2023-10-05 14:07:00,"Untuk pertama kalinya Citilink terbang ke Tasikmalaya, Jawa Barat. Hal ini setelah Pemerintah Kota Tasikmalaya memutuskan mengaktifkan kembali penerbangan"
https://www.detik.com/jabar/berita/d-6965940/5-daerah-dengan-biaya-hidup-termahal-di-jawa-barat,5 Daerah dengan Biaya Hidup Termahal di Jawa Barat,2023-10-05 12:30:00,"Menurut laporan Open Data Jabar, lima daerah di Jabar punya nilai pengeluaran per kapita sebulan paling tinggi di tahun 2022."
https://www.detik.com/sumbagsel/berita/d-6965125/kode-plat-nomor-kendaraan-di-jambi-dan-seluruh-indonesia,Kode Plat Nomor Kendaraan di Jambi dan Seluruh Indonesia,2023-10-05 04:36:00,Apa kode pelat nomor kendaraan di daerah Jambi? Simak jawabannya dalam artikel ini.
https://travel.detik.com/travel-news/d-6963665/tahukah-kamu-kabupaten-tasikmalaya-ternyata-tak-punya-lampu-merah,"Tahukah Kamu, Kabupaten Tasikmalaya Ternyata Tak Punya Lampu Merah",2023-10-04 07:10:00,"Suatu kota pasti punya jalan raya dan lampu merah. Tapi tahukah kamu, Kabupaten Tasikmalaya ternyata sama sekali tak punya lampu merah. Kok bisa?"
https://www.detik.com/jabar/berita/d-6962587/tasikmalaya-daerah-tanpa-lampu-merah-ini-kata-polisi,"Tasikmalaya Daerah Tanpa Lampu Merah, Ini Kata Polisi",2023-10-03 16:30:00,Kabupaten Tasikmalaya menjadi satu-satunya kabupaten yang tidak memiliki traffic light alias lampu merah. Lalu apa kata polisi ?
https://www.detik.com/jabar/berita/d-6961426/sederet-fakta-kabupaten-tasik-tak-punya-lampu-merah,Sederet Fakta Kabupaten Tasik Tak Punya Lampu Merah,2023-10-03 09:30:00,"Kabupaten Tasikmalaya adalah daerah yang kaya sumber daya alam di Jawa Barat. Tapi siapa sangka, kabupaten ini tak memiliki lampu lalu lintas atau lampu merah."
https://www.detik.com/jabar/budaya/d-6960663/merak-ngibing-motif-batik-paling-moncer-dari-tasikmalaya,"Merak Ngibing, Motif Batik Paling Moncer dari Tasikmalaya",2023-10-03 05:30:00,"Sebagai daerah yang memiliki sejarah di industri batik Tanah Air, Tasikmalaya memiliki banyak koleksi motif batik khas. Namun penjualannya mulai menurun."
https://www.detik.com/jateng/berita/d-6961694/unik-ternyata-nggak-ada-bangjo-di-kabupaten-tasikmalaya,Unik! Ternyata Nggak Ada Bangjo di Kabupaten Tasikmalaya,2023-10-02 21:11:00,Tidak ada lampu bangjo yang menyala di Kabupaten Tasikmalaya. Pemkab setempat mengklaim sebagai satu-satunya di Indonesia.
https://www.detik.com/jabar/berita/d-6960786/kabupaten-tasikmalaya-tidak-punya-lampu-merah-kok-bisa,"Kabupaten Tasikmalaya Tidak Punya Lampu Merah, Kok Bisa?",2023-10-02 15:30:00,Kabupaten Tasikmalaya yang berusia 391 tahun 2023 ini tidak memiliki lampu lalu lintas yang mengatur arus kendaraan. Simak alasannya berikut ini.
https://www.detik.com/jabar/berita/d-6956616/kisah-asti-daur-ulang-sampah-hingga-karyanya-sampai-ke-pesohor,Kisah Asti Daur Ulang Sampah hingga Karyanya Sampai ke Pesohor,2023-10-01 08:00:00,Asti Gustiasih (63) tak menjadikan keterbatasan fisik sebagai hambatan berkarya. Ia menjadi pegiat daur ulang sampah yang karyanya sampai ke tangan pesohor.
https://www.detik.com/jabar/hukum-dan-kriminal/d-6956273/jejak-kriminal-bule-as-yang-tusuk-mati-mertua-hingga-bisa-masuk-indonesia,Jejak Kriminal Bule AS yang Tusuk Mati Mertua hingga Bisa Masuk Indonesia,2023-09-29 16:30:00,"Arthur Leigh Welohr (35), WNA asal Amerika Serikat tega menusuk mati mertuanya sendiri. Ini kata Kantor Imigrasi Tasikmalaya."
https://news.detik.com/berita/d-6956617/viral-foto-siswa-smp-di-tasik-injak-kepala-teman-kepsek-bilang-bercanda,"Viral Foto Siswa SMP di Tasik Injak Kepala Teman, Kepsek Bilang Bercanda",2023-09-29 16:30:00,"Heboh video bullying siswa SMP di Cilacap, Jateng, masih hangat diperbincangkan. Kini, di Tasikmalaya beredar foto siswa SMP yang menginjak kepala temannya."
https://www.detik.com/jabar/berita/d-6954906/viral-foto-siswa-smp-di-tasik-injak-kepala-teman-begini-faktanya,"Viral Foto Siswa SMP di Tasik Injak Kepala Teman, Begini Faktanya",2023-09-28 18:00:00,Warga Tasikmalaya dihebohkan dengan beredarnya sebuah foto siswa SMP yang tengah menginjak kepala temannya. Pihak sekolah angkat bicara terkait kasus itu.
https://www.detik.com/jabar/hukum-dan-kriminal/d-6954607/polisi-ungkap-aplikasi-walla-pemicu-pelajar-bandung-disodomi-2-pria,Polisi Ungkap Aplikasi Walla Pemicu Pelajar Bandung Disodomi 2 Pria,2023-09-28 14:30:00,Kasus pelajar Bandung jadi korban sodomi 2 pria bermula dari percakapan di aplikasi Walla. Polisi pun meminta Kominfo memblokir aplikasi itu.
https://www.detik.com/jabar/hukum-dan-kriminal/d-6954621/kocar-kacir-pejudi-adu-muncang-di-tasikmalaya-saat-digerebek-polisi,Kocar-kacir Pejudi Adu Muncang di Tasikmalaya Saat Digerebek Polisi,2023-09-28 11:41:00,"Polisi menggerebek arena permainan adu kemiri (muncang) di sebuah area pemakaman di Tasik. Saat digerebek, para pejudi kocar-kacir."
https://www.detik.com/jabar/hukum-dan-kriminal/d-6953795/pura-pura-beli-test-pack-maling-gondol-2-kotak-amal-di-apotek-tasik,"Pura-pura Beli Test Pack, Maling Gondol 2 Kotak Amal di Apotek Tasik",2023-09-28 01:30:00,Dua buah kotak amal di apotek Padayungan Kota Tasikmalaya digondol maling. Aksi terduga pelaku pencurian ini terekam kamera pengintai atau CCTV.
https://www.detik.com/jabar/hukum-dan-kriminal/d-6953372/jejak-kriminal-bule-amerika-tusuk-mati-mertua-di-kota-banjar,Jejak Kriminal Bule Amerika Tusuk Mati Mertua di Kota Banjar,2023-09-27 17:45:00,Bule asal Amerika Serikat Arthur Leigh Welohr (35) kini ditahan Mapolres Kota Banjar setelah membunuh mertuanya bernama Agus Sopian (58).
https://www.detik.com/jabar/hukum-dan-kriminal/d-6953531/2-pria-penyuka-sesama-jenis-sodomi-pelajar-di-bandung,2 Pria Penyuka Sesama Jenis Sodomi Pelajar di Bandung,2023-09-27 17:01:00,Nasib pilu dialami D (11). Remaja lelaki yang masih berstatus pelajar di Kota Bandung menjadi korban pencabulan yang dilakukan 2 pria penyuka sesama jenis.
https://news.detik.com/berita/d-6952857/terungkap-ini-penyebab-lantai-rumah-di-tasikmalaya-yang-mendadak-panas,Terungkap! Ini Penyebab Lantai Rumah di Tasikmalaya yang Mendadak Panas,2023-09-27 11:56:00,"Misteri lantai rumah Dede, warga Kota Tasikmalaya, yang mendadak panas mulai terkuat. Penyebabnya diduga ada kesalahan dalam instalasi listrik."
https://www.detik.com/jogja/berita/d-6952767/lantai-rumah-warga-tasik-mendadak-panas-ternyata-ini-penyebabnya,"Lantai Rumah Warga Tasik Mendadak Panas, Ternyata Ini Penyebabnya",2023-09-27 11:22:00,"Penyebab lantai rumah warga Kota Tasikmalaya, Jawa Barat, Dede Mulyana mendadak panas akhirnya terungkap. Simak selengkapnya di sini."
https://www.detik.com/jabar/berita/d-6952529/terungkap-penyebab-lantai-rumah-dede-di-tasik-mendadak-panas,Terungkap Penyebab Lantai Rumah Dede di Tasik Mendadak Panas,2023-09-27 09:19:00,"Misteri lantai rumah Dede, warga Kota Tasikmalaya yang mendadak panas mulai terkuat. Kesalahan dalam instalasi listrik diduga menjadi penyebabnya."
https://www.detik.com/jabar/berita/d-6951986/misteri-lantai-rumah-warga-tasik-yang-mendadak-panas,Misteri Lantai Rumah Warga Tasik yang Mendadak Panas,2023-09-27 07:14:00,"Dede Mulyana (60) panik bukan kepalang, pasalnya lantai keramik rumahnya mendadak panas. Khawatir terjadi sesuatu, ia akhirnya membongkar lantai rumahnya."
https://www.detik.com/jabar/bisnis/d-6950956/beras-premium-di-jabar-diklaim-turun-harga,Beras Premium di Jabar Diklaim Turun Harga,2023-09-27 04:00:00,Harga beras premium pada pekan ketiga September 2023 ada di angka Rp 11.483 per kilogram di Jaw Barat.
https://www.detik.com/jabar/berita/d-6951727/ali-jupri-jadi-kasat-reskrim-polres-sukabumi-usai-ungkap-kasus-bule,Ali Jupri Jadi Kasat Reskrim Polres Sukabumi Usai Ungkap Kasus Bule,2023-09-27 01:45:00,Karier Kasat Reskrim Polres Banjar AKP Ali Jupri kini berlanjut di Polres Sukabumi. Ia jadi kasar reskrim di sana usai mengungkap kasus bule di Banjar.
https://www.detik.com/jabar/hukum-dan-kriminal/d-6951136/tiga-jaringan-pelaku-curanmor-di-jabar-dibekuk-polisi,Tiga Jaringan Pelaku Curanmor di Jabar Dibekuk Polisi,2023-09-27 00:30:00,Polisi menangkap sejumlah pelaku pencurian kendaraan bermotor yang beroperasi di beberapa wilayah Jabar. Mereka telah berhasil menggasak motor dan mobil.
https://www.detik.com/jabar/berita/d-6951753/jabar-hari-ini-teror-macan-tutul-hingga-sejoli-tersangka-live-mesum,Jabar Hari Ini: Teror Macan Tutul hingga Sejoli Tersangka Live Mesum,2023-09-26 22:00:00,Sejumlah peristiwa mewarnai pemberitaan di Jabar hari ini. Mulai dari teror Macan Tutul di Karawang hingga sejoli asal Garut jadi tersangka kasus live mesum.
https://www.detik.com/jabar/hukum-dan-kriminal/d-6951715/maling-laptop-di-tasik-cari-sekolah-sepi-lewat-browsing-google,Maling Laptop di Tasik Cari Sekolah Sepi Lewat Browsing Google,2023-09-26 16:48:00,"Polisi membongkar pencurian aset milik SMP 2 Cikatomas. Dalam aksinya, komplotan pelaku lebih dulu mencari lokasi sekolah yang jauh dari pemukiman via Google."
https://www.detik.com/sumbagsel/berita/d-6951002/lantai-rumah-dede-mendadak-panas-begini-ceritanya,"Lantai Rumah Dede Mendadak Panas, Begini Ceritanya",2023-09-26 12:20:00,"Lantai rumah seorang warga, Dede Mulyana (60), di Sindang Perbu, Mangkubumi, Kota Tasikmalaya mendadak panas. Lantai yang panas itu hanya sebagian."
https://news.detik.com/berita/d-6951061/lantai-rumah-di-tasikmalaya-mendadak-panas-keramik-sampai-dibongkar,"Lantai Rumah di Tasikmalaya Mendadak Panas, Keramik Sampai Dibongkar",2023-09-26 12:03:00,Dede mengatakan lantai rumahnya sudah memanas sejak Minggu (24/9) sore.
https://www.detik.com/jabar/berita/d-6950921/heboh-lantai-rumah-warga-tasikmalaya-mendadak-panas,Heboh Lantai Rumah Warga Tasikmalaya Mendadak Panas,2023-09-26 11:05:00,Lantai rumah warga di Tasikmalaya mendadak panas. Penghuni rumah pun khawatir terjadi hal tak diinginkan.
https://www.detik.com/jabar/wisata/d-6949674/muncul-dua-wajah-berbeda-saat-waduk-situ-gede-tasik-surut,Muncul Dua 'Wajah' Berbeda Saat Waduk Situ Gede Tasik Surut,2023-09-26 08:00:00,"Surutnya debit air di danau Situ Gede, Kota Tasikmalaya menimbulkan dua sisi yang berbeda."
https://www.detik.com/jabar/hukum-dan-kriminal/d-6949717/aksi-pencuri-santai-tenggak-minuman-sambil-curi-komputer-sekolah,Aksi Pencuri Santai Tenggak Minuman Sambil Curi Komputer Sekolah,2023-09-25 16:45:00,Aksi pencurian di SMKN Sukaresik Kabupaten Tasikmalaya terekam kamera CCTV. Pelaku mencuri sambil minum minuman dingin dari kantin sekolah.
https://www.detik.com/jabar/hukum-dan-kriminal/d-6947842/hilangnya-nyawa-perempuan-muda-di-tasik-gegara-open-bo,Hilangnya Nyawa Perempuan Muda di Tasik gegara Open BO,2023-09-24 15:30:00,Polisi berhasil mengungkap kasus kematian perempuan muda di Tasikmalaya yang ditemukan tewas di kamar kos.
https://www.detik.com/jabar/berita/d-6947637/pemotor-berpakaian-hitam-tewas-tergeletak-di-tepi-jalan-tasikmalaya,Pemotor Berpakaian Hitam Tewas Tergeletak di Tepi Jalan Tasikmalaya,2023-09-24 09:41:00,Seorang pengendara sepeda motor ditemukan meninggal dunia di tepi jalan. Diduga pria tersebut mengalami kecelakaan lalu lintas tunggal.
https://www.detik.com/jabar/berita/d-6945787/lorong-waktu-ledakan-hebat-guncangkan-bumi-usai-pelantikan-bupati-tasikmalaya,Lorong Waktu: Ledakan Hebat Guncangkan Bumi Usai Pelantikan Bupati Tasikmalaya,2023-09-24 07:30:00,Ledakan dahsyat terjadi setelah pelantikan Kolonel Inf. A Benyamin sebagai Bupati Tasikmalaya. Sampai-sampai mengguncangkan bumi yang dipijak.
https://www.detik.com/edu/detikpedia/d-6947003/contoh-soal-latihan-uts-ips-kelas-7-kurikulum-merdeka,Contoh Soal Latihan UTS IPS Kelas 7 Kurikulum Merdeka,2023-09-24 07:00:00,20 Contoh soal untuk latihan menjelang UTS bagi siswa SMP kelas 7 menggunakan kurikulum merdeka. Cek di sini.
https://www.detik.com/jabar/bisnis/d-6947123/jalur-penerbangan-tasikmalaya-jakarta-kembali-dibuka,Jalur Penerbangan Tasikmalaya-Jakarta Kembali Dibuka,2023-09-24 00:05:00,Pemerintah Kota Tasikmalaya melakukan reaktivasi penerbangan Tasikmalaya-Jakarta mulai 2 Oktober 2023 mendatang.
https://www.detik.com/jabar/berita/d-6946789/detik-detik-kecelakaan-maut-mobil-pikap-di-bkr-bandung,Detik-detik Kecelakaan Maut Mobil Pikap di BKR Bandung,2023-09-23 14:55:00,"Polisi mengungkap mobil pikap yang dikendarai Jiman (50) melaju kencang sebelum menabrak tiga kendaraan yang berhenti di lampu merah Jl BKR, Kota Bandung."
https://www.detik.com/jabar/berita/d-6943739/jabar-hari-ini-sekeluarga-idap-parkinson-hingga-panji-gumilang-mau-tobat,Jabar Hari Ini: Sekeluarga Idap Parkinson hingga Panji Gumilang Mau Tobat,2023-09-21 22:10:00,Beragam peristiwa terjadi di Jawa Barat (Jabar) hari ini. Mulai dari kabar Panji Gumilang yang ingin bertobat hingga satu keluarga di Cianjur idap parkinson.
https://news.detik.com/berita/d-6943491/kunjungi-bazar-kreasi-bhayangkari-kapolri-dikalungi-selendang-kaltim,"Kunjungi Bazar Kreasi Bhayangkari, Kapolri Dikalungi Selendang Kaltim",2023-09-21 16:42:00,Kapolri Jenderal Listyo Sigit Purnomo mengunjungi Bazar Kreasi Bhayangkari Nusantara 2023 di Jakarta Convention Center (JCC).
https://www.detik.com/sulsel/hukum-dan-kriminal/d-6943047/tragedi-open-bo-berujung-maut-di-tasikmalaya,Tragedi Open BO Berujung Maut di Tasikmalaya,2023-09-21 16:00:00,Wanita berinsial SAR (16) meregang nyawa di tangan pria berinisial RM (29) di kamar kosnya di Kota Tasikmalaya. Pembunuhan diduga dipicu masalah open BO.
https://www.detik.com/jabar/hukum-dan-kriminal/d-6943246/celurit-maut-yang-tewaskan-pemuda-tasikmalaya,Celurit Maut yang Tewaskan Pemuda Tasikmalaya,2023-09-21 15:45:00,Seorang pemuda dihabisi pemuda lainnya di Tasikmalaya menggunakan celurit. Hal itu gegara saling tatap yang berujung kalap.
https://www.detik.com/jabar/budaya/d-6942541/promotor-pastikan-konser-dewa-19-di-tasikmalaya-tetap-digelar,Promotor Pastikan Konser Dewa 19 di Tasikmalaya Tetap Digelar,2023-09-21 14:00:00,"Penyelenggara konser Dewa 19 di Lanud Wiriadinata Tasikmalaya pada 21 Oktober 2023 mendatang, memastikan acara tersebut tetap berjalan sesuai rencana."
https://www.detik.com/jabar/hukum-dan-kriminal/d-6942097/tatapan-mata-yang-hilangkan-nyawa-di-tasikmalaya,Tatapan Mata yang Hilangkan Nyawa di Tasikmalaya,2023-09-21 13:00:00,"Jika pandangan pertama sering dikaitkan dengan rasa cinta, kedua laki-laki di Tasikmalaya ini justru memendam amarah pada pandangan pertama."
https://www.detik.com/jabar/hukum-dan-kriminal/d-6942006/perkara-open-bo-berujung-pembunuhan-gadis-muda-tasikmalaya,Perkara Open BO Berujung Pembunuhan Gadis Muda Tasikmalaya,2023-09-21 11:00:00,"RM (29) nekat membunuh SAR (16), perempuan muda di Tasikmalaya karena tak puas dengan transaksi seksual. Kini ia diancam hukuman 15 tahun penjara."
https://news.detik.com/berita/d-6942291/produk-umkm-se-jabar-mejeng-di-bazar-kreasi-bhayangkari-nusantara-2023,Produk UMKM se-Jabar Mejeng di Bazar Kreasi Bhayangkari Nusantara 2023,2023-09-21 02:17:00,Pengurus Daerah (PD) Bhayangkari Polda Jawa Barat ikut ambil bagian dalam kegiatan 'Bazar Kreasi Bhayangkari Nusantara 2023' di JCC Senayan.
https://www.detik.com/jabar/berita/d-6941951/jabar-hari-ini-kasus-korupsi-bikin-yana-mulyana-dipecat-tidak-hormat,Jabar Hari Ini: Kasus Korupsi Bikin Yana Mulyana Dipecat Tidak Hormat,2023-09-20 22:12:00,"Ragam peristiwa terjadi di Jabar hari ini, Rabu (20/9/2023). Seperti dipecatnya Yana Mulyana secara tidak hormat sebagai Walkot Bandung."
https://www.detik.com/jabar/hukum-dan-kriminal/d-6941949/kesal-hidung-belang-hingga-tega-bekap-mati-gadis-di-tasikmalaya,Kesal Hidung Belang hingga Tega Bekap Mati Gadis di Tasikmalaya,2023-09-20 18:59:00,RM (29) tega menghabisi nyawa gadis belia di Tasikmalaya gegara urusan open BO. Kekesalan RM jadi pemicu dia nekat menghilangkan nyawa SAR (16).
https://www.detik.com/jabar/hukum-dan-kriminal/d-6941444/tatap-mata-berujung-maut-di-tasikmalaya,Tatap Mata Berujung Maut di Tasikmalaya,2023-09-20 16:03:00,"Kasus kematian Fajar Muhamad Nuralam (26) alias Ajay warga Kampung Kebon Tengah Kelurahan Tuguraja, Kecamatan Cihideung, Kota Tasikmalaya terungkap."
https://www.detik.com/jabar/hukum-dan-kriminal/d-6941208/perempuan-muda-tewas-di-kamar-kost-tasik-dibunuh-gegara-open-bo,Perempuan Muda Tewas di Kamar Kost Tasik Dibunuh gegara Open BO,2023-09-20 14:32:00,Polisi mengungkap kasus kematian perempuan muda berinisal SAR (16) di kamar kost Tasikmalaya. Koban ternyata tewas di tangan pria berinisial RM (29).
https://sport.detik.com/sport-lain/d-6940283/kompetisi-push-bike-terbesar-di-indonesia-tuntas-ini-hasilnya,"Kompetisi Push Bike Terbesar di Indonesia Tuntas, Ini Hasilnya",2023-09-19 23:30:00,Cirebon baru saja menggelar kompetisi push bike terbesar di Indoneesia. Diharapkan kompetisi ini bisa melahirkan atlet-atlet cilik berbakat ke depannya.
https://news.detik.com/berita/d-6939983/bupati-bandung-sebut-kcjb-dukung-kunjungan-wisata-ke-daerah,Bupati Bandung Sebut KCJB Dukung Kunjungan Wisata ke Daerah,2023-09-19 19:03:00,"Dengan diaktifkannya KCJB, Dadang berharap dapat membantu dan mempercepat pertumbuhan ekonomi di Jawa Barat umumnya, di Bandung Raya khususnya."
https://www.detik.com/jabar/berita/d-6939090/dampak-kekeringan-di-kota-tasikmalaya-semakin-meluas,Dampak Kekeringan di Kota Tasikmalaya Semakin Meluas,2023-09-19 14:14:00,Dampak kemarau berupa kekeringan lahan pertanian dan krisis air bersih semakin meluas di Kota Tasikmalaya.
https://www.detik.com/jabar/berita/d-6938926/respons-pemkot-tasik-soal-batalnya-konser-yang-berbuntut-panjang,Respons Pemkot Tasik soal Batalnya Konser yang Berbuntut Panjang,2023-09-19 13:45:00,Pemkot Tasikmalaya buka suara menanggapi polemik batalnya konser musik di Tasikmalaya hingga memunculkan asumsi Tasikmalaya intoleran.
https://www.detik.com/jabar/hukum-dan-kriminal/d-6937952/jadi-penghuni-indekos-agar-bisa-mencuri,Jadi Penghuni Indekos agar Bisa Mencuri,2023-09-19 03:30:00,"Seorang pencuri spesialis indeos ditangkap polisi di Tasikmalaya. Modusnya, pelaku menjadi penghuni indekos sebelum melancarkan aksinya."
https://www.detik.com/jabar/berita/d-6937834/sejumlah-aktivis-mempertanyakan-batalnya-konser-gigi-di-tasik,Sejumlah Aktivis Mempertanyakan Batalnya Konser GIGI di Tasik,2023-09-18 18:14:00,"Pembatalan pelaksanaan konser musik di area parkir Asia Plaza Tasik, menuai respons dari sebagian kalangan masyarakat. Mereka mempertanyakan pembatalan itu."
https://www.detik.com/jabar/berita/d-6935789/mesin-diesel-penggilingan-perenggut-nyawa-wawan-di-tasikmalaya,Mesin Diesel Penggilingan Perenggut Nyawa Wawan di Tasikmalaya,2023-09-17 19:15:00,"Nasib tragis dialami Wawan Saefulloh (58), warga Cisayong, Kabupaten Tasikmalaya. Nyawanya melayang setelah terlilit putaran mesin penggilingan gabah."
https://www.detik.com/jabar/wisata/d-6935375/5-singkatan-jalan-yang-kerap-bikin-bingung-warga-luar-tasikmalaya,5 Singkatan Jalan yang Kerap Bikin Bingung Warga Luar Tasikmalaya,2023-09-17 16:00:00,Masyarakat Kota Tasikmalaya memiliki kearifan lokal untuk penamaan daerah atau wilayah tertentu. Beberapa nama wilayah dilafalkan dengan cara disingkat.
https://www.detik.com/jabar/berita/d-6934422/konser-gigi-di-tasikmalaya-batal-saat-hari-h-penggemar-kecewa,"Konser GIGI di Tasikmalaya Batal Saat Hari H, Penggemar Kecewa",2023-09-16 13:28:00,"Konser Gigi, RAN dan musisi ternama lainnya di area parkir Asia Plaza, Tasikmalaya dibatalkan pada hari-H. Hal itu membuat penggemar musik kecewa."
https://www.detik.com/jabar/berita/d-6933475/deretan-penjabat-yang-jadi-kepala-daerah-di-jabar,Deretan Penjabat yang Jadi Kepala Daerah di Jabar,2023-09-16 07:31:00,Enam daerah di Jawa Barat punya kepala daerah baru setelah Kementerian Dalam Negeri (Kemendagri) menunjuk enam nama menjadi Penjabat (Pj) Bupati dan Wali Kota.
https://www.detik.com/jabar/hukum-dan-kriminal/d-6933830/aksi-heroik-dede-emak-emak-tasikmalaya-jatuh-bangun-kejar-jambret,"Aksi Heroik Dede Emak-emak Tasikmalaya, Jatuh-Bangun Kejar Jambret",2023-09-15 22:10:00,"Warga Tasikmalaya, Dede Sumartini (50) bisa bernapas lega, pasalnya sepeda motor yang digunakan jambret yang merampas tasnya mogok tak lama setelah beraksi di"
https://www.detik.com/edu/edutainment/d-6933141/kisah-annisa-raih-sumpah-dokter-lewat-beasiswa-bidikmisi,"Kisah Annisa, Raih Sumpah Dokter Lewat Beasiswa Bidikmisi",2023-09-15 18:30:00,"Annisa merupakan salah satu yang diambil sumpahnya pada Wisuda Profesi ke-65 Fakultas Kedokteran, Universitas Jenderal Soedirman. Begini perjuangannya."
https://www.detik.com/jabar/berita/d-6932111/daftar-6-pj-bupati-wali-kota-di-jabar-yang-segera-dilantik,Daftar 6 Pj Bupati/Wali Kota di Jabar yang Segera Dilantik,2023-09-15 08:40:00,Kemendagri sudah menetapkan enam penjabat bupati dan wali kota di Jabar. Berikut ini nama-namanya.
https://www.detik.com/jabar/berita/d-6931513/jabar-hari-ini-nasib-tragis-wawan-hingga-tendangan-maut-perenggut-nyawa,Jabar Hari Ini: Nasib Tragis Wawan hingga Tendangan Maut Perenggut Nyawa,2023-09-14 22:01:00,Beragam peristiwa terjadi di Jabar hari ini. Mulai dari nasib tragis Wawan tewas tergiling mesin hingga peluang Ridwan Kamil dampingi Prabowo.
https://www.detik.com/jabar/berita/d-6931486/4-pria-mabuk-dicokok-polisi-usai-berulah-di-pilkades-tasikmalaya,4 Pria Mabuk Dicokok Polisi Usai Berulah di Pilkades Tasikmalaya,2023-09-14 17:43:00,Polisi mengamankan empat pria yang dianggap berbuat onar di lokasi Pilkades Tasikmalaya. Dalam kondisi mabuk mereka mengganggu proses pemungutan suara.
https://www.detik.com/jabar/berita/d-6931306/nasib-tragis-wawan-di-pabrik-penggilingan-gabah-tasikmalaya,Nasib Tragis Wawan di Pabrik Penggilingan Gabah Tasikmalaya,2023-09-14 16:48:00,"Kecelakaan kerja yang berakibat fatal terjadi di pabrik penggilingan gabah di Cipedes, Kota Tasikmalaya, Kamis (14/9/2023) siang. Satu pekerja tewas."
https://www.detik.com/jabar/berita/d-6928608/semringah-warga-tasikmalaya-dapat-bantuan-sumur-bor-di-tengah-krisis-air,Semringah Warga Tasikmalaya Dapat Bantuan Sumur Bor di Tengah Krisis Air,2023-09-13 17:00:00,Warga RW 04 Kampung Cibangbay Kelurahan Setiawargi Kecamatan Tamansari Kota Tasikmalaya semringah karena adanya pembangunan sumur bor.
https://www.detik.com/jabar/hukum-dan-kriminal/d-6927675/polisi-pastikan-fajar-dikeroyok-sebelum-tewas-di-bawah-jembatan-tasik,Polisi Pastikan Fajar Dikeroyok Sebelum Tewas di Bawah Jembatan Tasik,2023-09-12 20:26:00,Polisi memastikan Fajar Muhamad Nuralam (26) dikeroyok sekelompok orang sebelum ditemukan tewas di bawah jembatan.
https://www.detik.com/jabar/berita/d-6927030/dprd-jabar-ungkap-progres-terkini-cdpob-subang-utara,DPRD Jabar Ungkap Progres Terkini CDPOB Subang Utara,2023-09-12 15:33:00,"Subang Utara menjadi salah satu daerah yang telah diusulkan menjadi CDPOB di Jabar. Kini, DPRD Jabar tengah melakukan penataan pada daerah tersebut."
https://www.detik.com/jabar/berita/d-6926601/pilu-keluarga-pemuda-yang-ditemukan-tewas-di-bawah-jembatan-tasik,Pilu Keluarga Pemuda yang Ditemukan Tewas di Bawah Jembatan Tasik,2023-09-12 12:46:00,"Kematian Fajar Muhamad Nuralam (26), warga Kampung Kebon Tengah, Kota Tasikmalaya menyisakan luka mendalam bagi pihak keluarga."
https://www.detik.com/jabar/berita/d-6924382/markas-damkar-tasik-masih-di-kolam-ikan-saat-kebakaran-meningkat,Markas Damkar Tasik Masih di Kolam Ikan Saat Kebakaran Meningkat,2023-09-11 12:30:00,"Intensitas kebakaran di Kota Tasikmalaya masih meningkat. Tetapi sarana dan prasarana Damkar Tasikmalaya masih minim, dan masih bermarkas di kolam ikan."
https://www.detik.com/jabar/hukum-dan-kriminal/d-6921966/polisi-temukan-celurit-di-tkp-pria-tewas-dengan-luka-bacok,Polisi Temukan Celurit di TKP Pria Tewas dengan Luka Bacok,2023-09-09 13:46:00,"Polisi masih melakukan penyelidikan terkait kasus kematian Fajar Muhamad Nuralam (26), warga Kota Tasikmalaya. Korban ditemukan tewas di bawah jembatan."
https://www.detik.com/jabar/berita/d-6921847/pria-ditemukan-tewas-dengan-luka-bacok-di-bawah-jembatan-tasik,Pria Ditemukan Tewas dengan Luka Bacok di Bawah Jembatan Tasik,2023-09-09 11:52:00,"Seorang pemuda ditemukan tewas dengan luka bacok di Sungai Ciloseh persis di bawah jembatan Jalan Letnan Harun, Kecamatan Bungursari, Kota Tasikmalaya."
https://news.detik.com/berita/d-6914370/pesan-panglima-tni-agar-prajurit-selalu-bermanfaat-untuk-rakyat,Pesan Panglima TNI agar Prajurit Selalu Bermanfaat untuk Rakyat,2023-09-05 14:07:00,Panglima TNI Laksamana Yudo Margono selalu mengingatkan para prajuritnya untuk bermanfaat bagi rakyat.
https://www.detik.com/jabar/berita/d-6914100/blak-blakan-ridwan-kamil-uu-ruzhanul-ulum-soal-rencana-politiknya,Blak-blakan Ridwan Kamil-Uu Ruzhanul Ulum soal Rencana Politiknya,2023-09-05 12:15:00,Ridwan Kamil dan Uu Ruzhanul Ulum blak-blakan soal rencana langkah kariernya usai tak lagi menjadi Gubernur dan Wakil Gubernur Jabar.
https://www.detik.com/jabar/berita/d-6913681/viral-konvoi-pernikahan-anak-juragan-tekstil-disambut-warga-tasikmalaya,Viral Konvoi Pernikahan Anak Juragan Tekstil Disambut Warga Tasikmalaya,2023-09-05 08:26:00,Iring-iringan pengantin yang dinarasikan seagai perayaan pernikahan 'sultan' di Tasikmalaya viral di media sosial. Ini fakta di baliknya.
https://www.detik.com/jabar/berita/d-6910340/aksi-pemuda-mabuk-rusak-masjid-berujung-serahkan-diri,Aksi Pemuda Mabuk Rusak Masjid Berujung Serahkan Diri,2023-09-03 13:00:00,Pemuda bernama Hibar hilang kesadaran karena mabuk. Tanpa alasan yang jelas ia nekat merusak Masjid Jami Al Hidayah di Tasikmalaya.
https://www.detik.com/jabar/wisata/d-6907945/kampung-dokdak-jadi-trip-wisata-baru-di-ciamis,Kampung Dokdak Jadi Trip Wisata Baru di Ciamis,2023-09-03 10:00:00,"Kampung Dokdak, julukan sentra pembuatan perkakas peralatan pertanian di Kabupaten Ciamis, bakal dibuka menjadi salah satu trip kunjungan wisata baru."
https://www.detik.com/edu/detikpedia/d-6909039/latar-belakang-pemberontakan-di-tii-di-seluruh-daerah-dan-penyelesaiannya,Latar Belakang Pemberontakan DI/TII di Seluruh Daerah dan Penyelesaiannya,2023-09-03 09:00:00,"Jadi pemberontakan pertama pasca kemerdekaan, ini latar belakang pergerakan DI/TII di seluruh daerah Indonesia."
https://www.detik.com/jabar/berita/d-6909398/senyum-anies-baswedan-saat-ditanya-duet-dengan-cak-imin-di-pilpres,Senyum Anies Baswedan Saat Ditanya Duet dengan Cak Imin di Pilpres,2023-09-02 14:07:00,Manuver politik yang tengah dilakukan Anies Baswedan dan Partai NasDem tengah menjadi isu sentral Pilpres 2024.
https://www.detik.com/jabar/berita/d-6909287/bendera-partai-demokrat-sambut-kedatangan-anies-di-tasikmalaya,Bendera Partai Demokrat 'Sambut' Kedatangan Anies di Tasikmalaya,2023-09-02 12:46:00,Bakal calon presiden Anies Baswedan menghadiri acara jalan sehat PKS di Tasikmalaya. Dalam acara itu terlihat juga berkibar bendera Partai Demokrat.
https://www.detik.com/jabar/berita/d-6909173/anies-baswedan-bila-ada-yang-berbeda-dihormati,"Anies Baswedan: Bila Ada yang Berbeda, Dihormati",2023-09-02 11:17:00,"Anies Baswedan berkunjung ke Tasikmalaya. Di sana, Anies Baswedan berbicara soal persaudaraan hingga perbedaan yang harus dihormati."
https://www.detik.com/jabar/bisnis/d-6908606/cuan-gede-dari-bisnis-perencana-pernikahan,Cuan Gede dari Bisnis Perencana Pernikahan,2023-09-02 05:30:00,Pada 2022 komunitas pelaku usaha perencanaan pernikahan atau wedding organizer di Taskimalaya membukukan nilai transaksi lebih dari Rp 13 miliar.
https://news.detik.com/pemilu/d-6908743/demokrat-keluar-pks-mau-jalan-bareng-anies-sapa-relawan-di-tasikmalaya,"Demokrat Keluar, PKS Mau Jalan Bareng Anies Sapa Relawan di Tasikmalaya",2023-09-01 22:26:00,"Menurutnya, kehadiran Anies pada acara tersebut merupakan wujud kolaborasi seluruh simpul relawan."
https://www.detik.com/jabar/berita/d-6908473/jabar-hari-ini-api-berkobar-di-gunung-walat-dan-kios-depan-unpas,Jabar Hari Ini: Api Berkobar di Gunung Walat dan Kios Depan Unpas,2023-09-01 22:00:00,"Beragam peristiwa terjadi di Jawa Barat (Jabar) hari ini, Jumat (1/9/2023). Seperti Gunung Walat dan kios depan Universitas Pasundan kebakaran."
https://www.detik.com/jabar/hukum-dan-kriminal/d-6907742/pengakuan-pemuda-mabuk-perusak-masjid-di-tasikmalaya,Pengakuan Pemuda Mabuk Perusak Masjid di Tasikmalaya,2023-09-01 14:17:00,"Hibar (25), pemuda mabuk yang merusak Masjid Al Hidayah, Kota Tasikmalaya, terlihat lesu saat diperiksa di Mapolsek Indihiang."
https://www.detik.com/jabar/hukum-dan-kriminal/d-6907600/pemuda-mabuk-rusak-masjid-di-tasik-serahkan-diri-ke-polisi,Pemuda Mabuk Rusak Masjid di Tasik Serahkan Diri ke Polisi,2023-09-01 13:27:00,Pemuda Tasikmalaya yang merusak masjid dalam keadaan mabuk akhirnya menyerahkan diri ke polisi. Pria bernama Hibar itu sempat buron selama tiga hari.
https://www.detik.com/jabar/berita/d-6905843/masjid-dirusak-pemuda-mabuk-dmi-kota-tasikmalaya-angkat-bicara,"Masjid Dirusak Pemuda Mabuk, DMI Kota Tasikmalaya Angkat Bicara",2023-08-31 21:30:00,"Dewan Masjid Indonesia (DMI) Kota Tasikmalaya meminta pengurus masjid waspada, jika ada orang asing dan mencurigakan."
